{
    "swagger": "2.0",
    "info": {
        "description": "Using a translation service as an example",
        "title": "Go Clean Template API",
        "contact": {},
        "version": "1.0"
    },
    "host": "localhost:8080",
    "basePath": "/v1",
    "paths": {
        "/id/:tag": {
            "get": {
                "description": "get id",
                "consumes": [
                    "application/json"
                ],
                "produces": [
                    "application/json"
                ],
                "tags": [
                    "segments"
                ],
                "summary": "GetId",
                "responses": {
                    "200": {
                        "description": "OK",
                        "schema": {
                            "$ref": "#/definitions/v1.response"
                        }
                    },
                    "400": {
                        "description": "Bad Request",
                        "schema": {
                            "$ref": "#/definitions/v1.response"
                        }
                    },
                    "500": {
                        "description": "Internal Server Error",
                        "schema": {
                            "$ref": "#/definitions/v1.response"
                        }
                    }
                }
            }
        }
    },
    "definitions": {
        "v1.response": {
            "type": "object",
            "properties": {
                "error": {
                    "type": "string",
                    "example": "message"
                }
            }
        }
    }
}